﻿id,name,description,skill,wealthRoll,traits[0].id,traits[0].name,traits[0].description,traits[1].id,traits[1].name,traits[1].description
d20a32a4-47db-4170-9551-fd9a3c2ccb70,Amuseur,"Adepte d’art, de poésie, de cirque ou de théâtre, l’amuseur ère de villages en cités afin d’offrir ses performances. Bien plus qu’un simple gagne-pain, cela lui permet de former un réseau de contacts et de recueillir toutes sortes d’informations.",Performance,8d6,b84d8bdb-65fd-4420-9a8a-7dfbe0e909cf,Protégé,"Par le prestige de sa famille et sa participation à des événements de l’aristocratie, le personnage est connu de la noblesse locale. Il peut demander gîte et couvert membres de la noblesse. En échange, ceux-ci peuvent lui demander une ou plusieurs faveurs immédiates, futures ou encore invoquer le droit de surprise, c’est-à-dire une faveur d’un quelconque ordre de grandeur lorsque l’occasion de présenter.",89154847-bbf8-4760-adc9-9dd466f6722c,Vagabond,"Aucun village ni aucune ville n’est un meilleur domicile pour le personnage que la route. Qu’il soit nomade par choix ou par obligation, ses tests de _Survie_ afin de trouver de l’eau, de la nourriture ou un abri se voient conférer l’avantage lorsqu’il se trouve à proximité d’une route maintenue."
d46c069b-1cc0-4ae5-a9a4-eaac5bfcb3eb,Artisan,"L’artisan est un expert d’un procédé de transformation des matières brutes. Il peut être un boulanger, un forgeron, un orfèvre, un tisserand ou pratiquer tout genre de profession œuvrant dans la transformation des matières brutes.",Craft,8d6,56acf228-be0f-46ac-ab5f-ecae32bc8d7f,Professionnel,"Les apprentissages et réalisations du personnage lui ont permis de devenir membre d’une organisation de professionnels comme lui, telle une guilde d’artisans ou de marchands. S’il ne peut payer pour un toit ou de la nourriture, il peut facilement trouver du travail afin de couvrir ces dépenses essentielles.",340abc07-de0b-4792-9718-b0522b6e7451,Sujet,"Sujet d’un seigneur quelconque, le personnage n’est victime d’aucune taxe imposée aux voyageurs étrangers. Il peut réduire ses dépenses essentielles de 10 % sur sa terre natale."
14f6ffbc-ca79-4ab7-abdd-e3910397e299,Bohème,"Le bohème ne possède aucun domicile fixe ni occupation permanente. Il doit sa survie à la bonté des autres lorsqu’il mendie ou aux crimes qu’il perpètre dans les centres urbains. Il est incapable de s’intégrer à la société dont laquelle il dépend afin de survivre, il est donc fréquemment rejeté par celle-ci.",Thievery,6d6,a354620e-bafc-4760-8c4d-f8271a0c2d8f,Rancunier,"Peu importe la raison, le personnage a renoncé à sa fidélité envers son seigneur. Il connaît les rouages du système lorsqu’il est question d’éviter de payer des taxes et de jouer avec les lois en place. Lorsqu’il se trouve dans son pays d’origine, il peut réduire ses dépenses essentielles de 10 %.",cfed39a4-b6a5-40c9-93bb-78c48c80e0ad,Survivant,"Ayant souffert de nombreuses privations au cours de sa vie, le personnage sait faire plus avec moins. Ses tests de Survie afin de trouver de l’eau, de la nourriture ou un abri en milieu sauvage se voient conférer l’avantage."
239730d6-240c-4cb1-8da5-f2695f250138,Exilé,"Banni par son peuple ou par choix personnel, l’exilé a recours à son instinct de survie et à sa connaissance des milieux sauvages afin de survivre à son environnement. Il garde de mauvais souvenirs de son ancienne vie et prépare aigrement sa vengeance.",Survival,6d6,a354620e-bafc-4760-8c4d-f8271a0c2d8f,Rancunier,"Peu importe la raison, le personnage a renoncé à sa fidélité envers son seigneur. Il connaît les rouages du système lorsqu’il est question d’éviter de payer des taxes et de jouer avec les lois en place. Lorsqu’il se trouve dans son pays d’origine, il peut réduire ses dépenses essentielles de 10 %.",89154847-bbf8-4760-adc9-9dd466f6722c,Vagabond,"Aucun village ni aucune ville n’est un meilleur domicile pour le personnage que la route. Qu’il soit nomade par choix ou par obligation, ses tests de _Survie_ afin de trouver de l’eau, de la nourriture ou un abri se voient conférer l’avantage lorsqu’il se trouve à proximité d’une route maintenue."
02c956c4-d16c-4ee7-8e5d-5f1853605f04,Guérisseur,"Le guérisseur est responsable du maintien et de l’amélioration de la santé de la communauté ou de la société pour laquelle il œuvre. Sa clientèle est vaste : il doit soigner les citadins bourgeois, la haute noblesse, mais aussi les pauvres paysans, et parfois même les chasseurs en territoire sauvage et les soldats blessés sur un champ de bataille.",Medicine,7d6,2e12b6be-536c-4c37-855f-3e64a68f2350,Guetteur,"Le personnage ne dort que d’un œil, toujours aux aguets afin d’appréhender n’importe quel danger. Ses tests de _Perception_ ne sont pas affligés du désavantage lorsqu’il dort en moyenne 4 heures par tranche de deux journées consécutives.",340abc07-de0b-4792-9718-b0522b6e7451,Sujet,"Sujet d’un seigneur quelconque, le personnage n’est victime d’aucune taxe imposée aux voyageurs étrangers. Il peut réduire ses dépenses essentielles de 10 % sur sa terre natale."
7db9e3ee-dba9-4359-b585-92eff91bd653,Marchand,"Propriétaire d’une boutique ou vendeur ambulant, le marchand est un des derniers maillons de la chaîne de production de sa société. Sa profession requiert de sa part une excellente communication ainsi qu’un bon sens d’analyse afin de s’assurer de la qualité des produits vendus.",Investigation,8d6,56acf228-be0f-46ac-ab5f-ecae32bc8d7f,Professionnel,"Les apprentissages et réalisations du personnage lui ont permis de devenir membre d’une organisation de professionnels comme lui, telle une guilde d’artisans ou de marchands. S’il ne peut payer pour un toit ou de la nourriture, il peut facilement trouver du travail afin de couvrir ces dépenses essentielles.",89154847-bbf8-4760-adc9-9dd466f6722c,Vagabond,"Aucun village ni aucune ville n’est un meilleur domicile pour le personnage que la route. Qu’il soit nomade par choix ou par obligation, ses tests de _Survie_ afin de trouver de l’eau, de la nourriture ou un abri se voient conférer l’avantage lorsqu’il se trouve à proximité d’une route maintenue."
33791471-2d62-4e79-b0ae-bc7204b266d5,Milicien,Le milicien est responsable de protéger les citoyens sur les terres de son seigneur. Il possède les droits mais également la responsabilité de faire appliquer les lois. Il doit également parfois jouer le rôle d’éclaireur et de soldat au sein de l’armée de sa patrie.,Melee,7d6,2e12b6be-536c-4c37-855f-3e64a68f2350,Guetteur,"Le personnage ne dort que d’un œil, toujours aux aguets afin d’appréhender n’importe quel danger. Ses tests de _Perception_ ne sont pas affligés du désavantage lorsqu’il dort en moyenne 4 heures par tranche de deux journées consécutives.",340abc07-de0b-4792-9718-b0522b6e7451,Sujet,"Sujet d’un seigneur quelconque, le personnage n’est victime d’aucune taxe imposée aux voyageurs étrangers. Il peut réduire ses dépenses essentielles de 10 % sur sa terre natale."
b49961ad-1607-4ca8-bebe-a2ee73eb742e,Noble,"Riche propriétaire terrien ou lié par son sang à un seigneur, le noble est responsable de l’administration et de la gouvernance de terres. Il codifie les lois et tranche en cas de différents. L’ensemble de ses tâches est lourd de responsabilités et pousse parfois les héritiers nobles à quitter leur famille avant d’hériter de ces fonctions.",Diplomacy,9d6,b84d8bdb-65fd-4420-9a8a-7dfbe0e909cf,Protégé,"Par le prestige de sa famille et sa participation à des événements de l’aristocratie, le personnage est connu de la noblesse locale. Il peut demander gîte et couvert membres de la noblesse. En échange, ceux-ci peuvent lui demander une ou plusieurs faveurs immédiates, futures ou encore invoquer le droit de surprise, c’est-à-dire une faveur d’un quelconque ordre de grandeur lorsque l’occasion de présenter.",340abc07-de0b-4792-9718-b0522b6e7451,Sujet,"Sujet d’un seigneur quelconque, le personnage n’est victime d’aucune taxe imposée aux voyageurs étrangers. Il peut réduire ses dépenses essentielles de 10 % sur sa terre natale."
bc5fc480-aa04-4d63-9939-6770366be588,Paysan,"Les paysans représentent la base de la pyramide hiérarchique de leur société, bien que les plus nombreux. Ils sont affectés aux tâches les moins louables mais les plus importantes au sein de la chaîne de production. Mineurs, bûcherons, agriculteurs ou autres professionnels, leur mode de vie requiert une bonne forme physique et une tolérance exceptionnelle à l’effort.",Athletics,7d6,a80c196c-55c3-4a2d-9c18-7522f7579dba,Autosuffisant,"Le personnage préfère l’environnement agricole aux cités surpeuplées et étroites. Ses tests de _Survie_ afin de trouver de l’eau, de la nourriture ou un abri dans son pays d’origine se voient conférer l’avantage.",340abc07-de0b-4792-9718-b0522b6e7451,Sujet,"Sujet d’un seigneur quelconque, le personnage n’est victime d’aucune taxe imposée aux voyageurs étrangers. Il peut réduire ses dépenses essentielles de 10 % sur sa terre natale."
7bd12f39-8ab1-4bdd-91a4-b57b1b5d24e9,Religieux,"Les religieux sont responsables du culte et des traditions de leur société. Ils ont également le mandat de traiter les événements surnaturels et de rassurer la population quant à ceux-ci. Les religieux œuvrent dans un temple, un sanctuaire, une église ou tout autre lieu de culture. Il peut compter sur l’aide d’autres fidèles impliqués comme lui mais doit également rendre de nombreux services à son culte.",Occultism,9d6,c17a1343-9c23-42e5-8140-6a0ee22eeae8,Révérend,"En arborant les vertus de son culte et en accomplissant plusieurs tâches au sein de celui-ci, le personnage est désormais connu et peut compter sur l’aide de ses pairs. S’il n’a pas assez d’argent pour payer ses dépenses essentielles, il peut quérir le support de son culte et faire don de tout l’argent qu’il lui reste en échange du gîte et couvert. Son culte peut lui demander des faveurs en échange. S’il est découvert à tromper son culte sur l’argent qu’il possède réellement, il est expulsé de celui-ci jusqu’à ce qu’il ne se repente.",340abc07-de0b-4792-9718-b0522b6e7451,Sujet,"Sujet d’un seigneur quelconque, le personnage n’est victime d’aucune taxe imposée aux voyageurs étrangers. Il peut réduire ses dépenses essentielles de 10 % sur sa terre natale."
